30,no,1787,no,no
33,no,4789,yes,yes
35,no,1350,yes,no
30,no,1476,yes,yes
59,no,0,yes,no
35,no,747,no,no
36,no,307,yes,no
39,no,147,yes,no
41,no,221,yes,no
43,no,-88,yes,yes
39,no,9374,yes,no
43,no,264,yes,no
36,no,1109,no,no
20,no,502,no,no
31,no,360,yes,yes
40,no,194,no,yes
56,no,4073,no,no
37,no,2317,yes,no
25,no,-221,yes,no
31,no,132,no,no
38,no,0,yes,no
42,no,16,no,no
44,no,106,no,no
44,no,93,no,no
26,no,543,no,no
41,no,5883,no,no
55,no,627,yes,no
67,no,696,no,no
56,no,784,no,yes
53,no,105,no,yes
68,no,4189,no,no
31,no,171,no,no
59,no,42,no,no
32,no,2536,yes,no
49,no,1235,no,no
42,no,1811,yes,no
78,no,229,no,no
32,no,2089,yes,no
33,no,3935,yes,no
23,no,363,yes,no
38,no,11971,yes,no
36,no,553,no,no
52,no,1117,yes,no
32,no,396,yes,no
32,no,2204,yes,no
34,no,872,yes,no
55,no,145,no,no
26,no,0,yes,no
32,yes,-849,yes,yes
61,no,4629,yes,no
45,no,844,no,no
37,no,228,yes,no
38,no,50,no,no
34,no,1539,yes,no
53,no,2231,yes,no
48,no,3064,yes,no
57,no,82,no,yes
33,no,2155,no,no
36,no,101,yes,yes
54,no,784,yes,yes
41,no,-516,no,yes
63,no,415,yes,no
48,no,5887,no,no
48,no,1355,no,no
56,no,16873,no,no
51,no,203,yes,no
31,no,338,yes,no
29,no,444,yes,no
41,no,0,no,yes
32,no,360,no,no
37,no,0,no,no
42,yes,2,yes,no
31,no,6248,yes,no
41,no,412,yes,no
56,no,344,yes,no
54,no,3222,no,no
41,no,174,yes,no
40,no,591,no,yes
50,no,388,no,no
40,no,219,yes,no
27,no,451,yes,no
60,no,5,no,no
28,no,177,yes,yes
52,no,657,no,no
37,no,1315,no,no
51,no,1466,yes,no
41,no,879,no,yes
35,no,293,yes,no
38,no,424,yes,no
34,no,1831,yes,no
39,no,111,no,no
34,no,455,yes,no
27,no,-195,yes,no
32,no,3616,no,no
57,no,14093,no,no
41,no,1567,no,no
41,no,5426,yes,no
30,no,261,no,no
36,no,2843,no,no
31,no,406,no,no
36,no,0,yes,no
38,no,493,yes,no
49,no,5996,no,no
57,no,3777,yes,no
34,no,524,no,no
32,no,574,yes,no
37,no,427,yes,yes
33,no,483,yes,no
56,no,3391,no,no
27,no,0,yes,no
21,no,2488,no,no
58,no,1517,yes,no
32,no,217,yes,yes
33,no,22,no,no
25,no,331,no,no
25,no,505,no,yes
30,no,1808,yes,no
22,no,4111,no,yes
39,no,52,no,no
46,no,25,no,no
31,no,1890,yes,no
45,no,419,no,no
32,no,2693,yes,no
36,no,-231,no,yes
51,yes,-55,yes,no
34,no,462,no,no
24,no,119,no,no
45,no,586,no,yes
32,no,228,no,no
77,no,4659,no,no
41,no,168,yes,no
37,no,0,yes,no
43,yes,-715,yes,no
48,no,0,yes,no
27,no,769,yes,no
33,no,0,no,no
29,no,428,yes,yes
34,no,0,no,no
52,no,-970,yes,no
60,no,6313,no,no
32,no,948,no,no
32,no,0,yes,no
56,no,1877,yes,no
31,no,874,yes,no
42,no,323,yes,yes
35,no,106,no,yes
56,no,1906,no,yes
48,no,1152,yes,no
46,no,179,yes,no
37,no,391,yes,no
41,no,89,yes,no
36,no,442,yes,yes
45,yes,-249,yes,yes
55,no,8104,no,no
39,no,501,no,no
35,no,308,no,no
55,no,602,no,no
55,no,273,yes,no
27,no,50,no,no
34,no,1641,yes,no
34,no,20,no,no
25,no,4590,yes,no
41,no,-256,no,yes
43,no,978,yes,yes
28,no,80,no,no
31,no,2104,yes,no
78,no,499,no,no
45,no,1269,yes,no
48,no,310,no,no
32,no,1143,yes,yes
42,no,2980,no,no
37,no,37,no,no
40,no,462,yes,yes
32,no,1031,yes,no
42,no,9009,no,no
43,no,-465,yes,yes
44,no,5181,yes,yes
37,no,176,yes,no
37,no,1699,no,no
37,no,0,yes,no
28,no,172,yes,yes
32,no,0,no,yes
34,no,6979,yes,no
40,no,6,no,no
34,no,-62,yes,no
34,no,1972,yes,no
34,no,899,yes,no
37,no,21,yes,no
36,no,23,yes,no
56,no,-1206,yes,no
49,no,0,yes,yes
33,no,215,yes,no
30,no,1372,no,no
36,no,1981,no,no
23,no,9216,no,no
57,no,39,yes,no
27,no,5563,yes,no
38,no,1,no,yes
42,no,782,no,no
75,no,3771,no,no
34,no,992,yes,no
48,no,1526,no,no
35,no,2658,yes,no
39,no,1315,yes,no
29,no,455,no,no
45,no,0,yes,no
42,no,2030,yes,yes
29,no,1599,yes,no
38,no,-196,yes,no
56,no,1333,no,no
36,no,9149,yes,no
25,no,-350,yes,no
38,no,432,yes,no
57,no,11494,no,no
31,yes,-253,no,no
42,no,372,yes,no
45,no,1410,no,no
30,no,975,yes,no
49,no,305,yes,yes
49,no,400,no,no
53,no,-22,yes,no
37,no,4030,yes,no
49,no,365,no,no
41,no,204,no,no
54,no,1691,yes,no
32,no,406,yes,no
33,no,-204,no,no
33,no,359,yes,no
36,no,123,yes,no
35,no,0,yes,yes
52,no,142,no,no
40,no,3571,no,no
44,no,33,yes,no
45,no,0,yes,no
30,no,3096,no,no
48,yes,20,no,no
33,no,3576,yes,no
57,no,206,yes,no
57,no,7082,no,no
51,no,1634,yes,no
34,no,1,yes,no
50,no,4012,no,no
44,no,3762,no,no
27,no,-247,yes,yes
50,no,606,yes,no
36,no,0,yes,no
42,no,-189,yes,no
32,no,0,no,no
42,no,484,yes,no
43,no,0,no,yes
31,no,395,yes,no
32,no,2349,no,no
55,no,410,no,yes
58,no,3401,yes,no
46,no,222,no,no
55,no,989,yes,yes
34,no,415,no,yes
28,no,16,no,no
42,no,7190,yes,no
29,no,482,no,yes
54,no,209,yes,yes
32,no,0,no,no
39,no,5803,no,no
53,no,624,no,yes
58,no,883,no,no
40,no,1516,yes,yes
29,no,872,yes,no
33,no,-988,yes,yes
38,no,902,yes,no
56,no,1007,no,no
40,no,0,yes,no
24,no,174,yes,yes
46,no,12186,no,no
35,no,524,yes,no
35,no,0,yes,no
34,no,4,yes,no
35,no,11219,no,no
38,no,0,no,no
50,no,5776,no,no
51,no,37,yes,no
59,no,593,no,no
32,no,1148,yes,no
37,no,3561,yes,no
42,no,63,no,no
40,no,260,no,no
28,no,2269,yes,no
47,no,1060,yes,no
27,no,-220,yes,no
41,no,49,yes,no
34,no,69,no,yes
50,no,4108,yes,no
47,no,480,yes,no
53,no,4994,no,no
53,no,0,yes,yes
47,no,3681,no,no
49,yes,-701,yes,no
29,no,451,no,no
45,no,-311,yes,no
38,no,593,yes,yes
32,no,759,yes,no
70,no,4531,no,no
65,no,1840,no,no
56,no,345,yes,no
35,no,1287,yes,no
56,no,353,no,yes
56,no,205,no,yes
49,no,687,yes,no
38,no,1147,yes,yes
35,no,4286,yes,no
38,no,605,no,no
49,no,8545,yes,yes
55,no,559,no,no
43,no,2,yes,no
43,no,2,no,yes
25,no,760,yes,no
30,no,1317,yes,no
46,no,182,yes,no
50,no,276,no,yes
35,no,2971,no,no
26,no,1064,no,no
45,no,1783,no,no
37,no,-67,no,no
60,no,179,no,yes
38,no,1199,no,no
47,no,214,yes,yes
33,no,6699,no,no
51,no,1760,no,yes
35,no,145,yes,no
35,no,978,no,no
48,no,1150,yes,no
37,no,121,no,no
29,no,828,yes,no
34,no,244,yes,no
32,no,228,yes,no
30,no,424,no,no
47,no,447,no,yes
33,no,-195,no,no
33,no,1410,yes,no
63,no,1084,no,no
51,no,10924,no,no
41,no,832,yes,yes
56,no,478,no,no
60,no,0,no,yes
41,no,3950,yes,no
37,no,504,yes,no
36,no,219,yes,yes
57,no,1602,no,no
55,no,2587,no,no
44,no,0,yes,yes
47,no,2303,yes,no
31,no,1660,yes,no
35,yes,32,yes,no
39,no,278,no,yes
50,no,4,no,no
29,no,318,yes,no
30,no,209,yes,no
46,no,271,yes,no
27,no,3196,no,no
48,no,4099,no,no
26,no,2572,yes,no
36,no,339,no,no
42,no,0,yes,yes
50,no,395,yes,no
49,no,2039,yes,no
45,no,5450,no,no
23,no,780,no,no
38,no,0,yes,no
32,no,8436,yes,no
60,no,11262,no,no
30,no,946,yes,no
58,no,497,no,no
60,no,55,no,no
38,no,-140,no,no
51,no,-379,yes,no
42,no,-396,yes,no
30,no,0,yes,no
40,no,733,yes,no
37,no,393,yes,no
53,no,7290,yes,no
38,no,-140,no,no
51,no,-379,yes,no
42,no,-396,yes,no
30,no,0,yes,no
40,no,733,yes,no
37,no,393,yes,no
53,no,7290,yes,no
27,no,468,yes,no
39,no,0,yes,no
39,no,3705,yes,no
59,no,9676,no,no
37,no,1328,yes,no
41,no,8,yes,no
45,no,61,no,no
48,no,6613,no,no
48,no,302,yes,no
32,no,1005,no,no
35,no,109,yes,no
33,no,1240,yes,no
28,no,0,yes,yes
64,no,2923,no,no
35,no,0,no,no
33,no,43,yes,no
41,no,288,yes,no
34,no,613,yes,no
37,no,6101,no,no
38,no,168,yes,yes
39,no,7685,yes,no
35,no,4515,yes,no
28,no,517,no,yes
27,no,148,no,no
48,yes,-285,no,yes
50,no,887,no,no
45,no,3098,yes,no
41,no,744,yes,no
39,no,130,no,no
44,no,438,yes,no
54,no,0,no,no
49,no,322,no,no
34,no,186,no,no
75,no,3810,yes,no
42,no,0,no,no
53,no,4380,no,no
49,no,755,no,no
31,no,2070,no,no
45,no,999,no,no
39,no,167,yes,yes
46,no,1322,yes,yes
42,no,1076,yes,no
37,no,502,yes,no
26,no,1216,yes,no
37,no,876,yes,no
36,no,342,yes,no
29,no,950,yes,no
36,no,973,yes,yes
26,no,3825,yes,no
32,no,2366,yes,no
40,no,542,yes,no
53,no,995,no,no
29,no,20,yes,no
34,no,228,yes,no
43,no,130,no,no
56,no,217,no,yes
55,no,0,no,no
31,no,259,yes,no
27,no,619,yes,no
36,no,644,yes,no
44,no,22,yes,no
37,no,4303,yes,no
30,no,239,yes,no
42,no,275,no,no
30,no,1221,yes,no
62,no,816,no,no
24,no,1222,yes,no
31,no,2363,yes,no
66,no,2262,no,no
47,no,2,no,no
39,no,2,yes,no
35,no,4508,yes,no
35,no,-402,yes,no
27,no,1577,yes,yes
32,no,34,yes,no
44,no,795,no,no
42,no,117,yes,no
34,no,5462,no,no
25,no,402,no,yes
40,no,641,no,no
43,no,36,no,no
55,no,383,no,no
50,no,283,yes,no
45,no,0,no,no
35,no,3102,yes,no
32,no,889,yes,no
59,no,0,no,no
34,no,-370,yes,no
39,no,-606,yes,no
40,no,10378,yes,no
36,no,1313,yes,no
40,no,8969,yes,no
55,no,-196,yes,no
38,yes,15,yes,no
61,no,4608,no,no
41,no,666,yes,no
57,no,452,yes,no
48,no,149,yes,no
77,no,7802,no,no
35,no,1453,yes,no
54,no,1480,yes,no
37,no,715,yes,no
56,no,237,yes,no
40,no,694,yes,no
40,no,0,no,no
54,no,55,yes,no
55,no,136,yes,no
55,yes,-404,yes,no
52,no,779,yes,no
55,no,1187,yes,no
33,no,641,yes,no
52,no,826,yes,no
33,no,991,yes,no
53,no,1796,no,no
46,no,22,no,no
44,no,244,yes,no
48,no,1328,yes,no
50,no,7317,yes,no
34,no,4943,yes,yes
38,no,258,no,yes
42,no,515,yes,no
32,no,12607,no,no
58,no,2,yes,yes
31,no,13,no,no
19,no,103,no,no
41,no,3872,no,no
31,no,296,yes,no
52,no,217,no,yes
42,no,360,yes,no
41,no,428,yes,no
30,no,315,no,no
38,no,121,yes,yes
32,no,820,yes,no
52,no,195,yes,no
48,no,108,yes,no
36,no,-381,yes,no
45,no,757,no,no
34,no,691,yes,yes
36,no,1925,yes,no
34,no,902,yes,no
61,no,5207,no,no
54,no,0,no,no
50,no,665,no,no
43,no,738,yes,no
47,no,233,no,no
45,no,-839,yes,no
57,no,5799,no,no
27,no,1033,yes,no
49,no,66,no,no
43,no,2567,yes,no
40,no,1584,yes,no
32,no,182,yes,no
58,no,76,yes,no
34,no,663,yes,no
46,no,3455,yes,no
29,no,15,no,no
52,no,1054,no,no
45,no,1529,no,no
26,no,63,no,no
40,no,0,no,no
41,no,920,yes,yes
47,no,3696,no,no
27,no,59,no,no
27,no,0,yes,no
48,no,157,yes,no
49,no,2465,no,no
35,no,0,yes,no
47,yes,2,no,no
54,no,0,no,no
39,no,12437,no,no
28,no,378,yes,no
54,no,211,no,no
34,no,-228,yes,no
63,no,2747,no,no
42,no,1932,yes,no
43,no,11269,no,no
37,no,1314,yes,no
55,no,2275,no,no
43,no,1304,no,no
41,yes,720,no,yes
47,no,2914,yes,no
34,no,1464,yes,no
28,no,11555,no,no
36,no,-302,yes,no
50,no,2497,yes,no
35,no,-339,yes,no
40,no,56,yes,yes
26,no,211,no,no
36,no,3611,yes,no
59,no,0,no,no
28,no,459,no,no
46,no,242,yes,no
50,no,1138,no,no
53,no,1319,yes,no
81,no,1,no,no
35,no,67,yes,no
58,no,937,no,no
44,no,0,yes,yes
38,no,-558,yes,no
49,no,171,no,no
33,no,696,no,yes
29,no,361,yes,yes
28,no,227,no,no
31,no,236,yes,yes
33,no,-53,no,no
52,no,192,yes,no
43,no,38,yes,no
32,no,518,yes,no
36,no,16,yes,yes
41,no,-256,yes,no
43,no,105,no,yes
45,no,334,no,no
39,no,1048,no,yes
41,no,108,yes,yes
31,no,660,no,no
37,yes,0,yes,no
28,no,1034,no,no
47,no,201,yes,no
37,no,189,no,no
60,no,-49,yes,no
43,no,1413,yes,no
58,no,264,yes,yes
52,no,54,yes,yes
50,no,12519,yes,no
32,no,2881,no,no
42,no,0,yes,no
31,no,88,yes,yes
28,no,1020,yes,no
36,no,119,no,no
51,no,1594,no,no
46,no,342,yes,yes
50,no,72,no,no
32,no,14,yes,no
26,no,81,no,no
41,no,231,no,no
39,no,1161,yes,no
31,no,-45,yes,no
28,no,231,yes,yes
31,no,36,no,no
30,no,1570,yes,no
35,no,7050,no,no
33,no,3704,yes,no
30,no,6619,yes,no
32,no,-84,yes,no
40,no,1509,no,no
31,no,1134,no,no
36,no,146,yes,yes
33,no,9449,yes,no
57,no,374,yes,yes
45,no,88,no,no
59,no,2764,no,no
30,no,2,yes,yes
33,no,8023,no,no
52,no,289,yes,no
83,no,0,no,no
58,no,1382,no,no
33,yes,280,no,yes
41,no,2195,yes,no
31,no,33,no,no
35,no,275,no,yes
27,no,703,yes,no
57,no,887,no,no
56,no,0,no,no
53,no,1178,yes,no
39,no,2763,yes,no
32,no,890,yes,yes
46,no,548,no,no
56,no,272,no,no
46,no,6269,yes,no
29,no,178,yes,no
60,no,252,yes,yes
33,no,23663,yes,no
27,no,81,no,no
50,no,59,yes,no
45,no,1343,no,yes
58,no,225,no,no
59,no,0,yes,no
58,no,2538,yes,no
64,no,43,no,no
47,no,57,no,no
40,no,-117,yes,no
36,no,666,yes,yes
28,no,0,yes,no
38,no,25,yes,no
53,no,1034,yes,no
46,no,324,yes,no
54,no,0,no,no
32,no,0,no,no
55,no,621,no,yes
55,no,138,no,no
56,no,4063,no,yes
40,no,11084,no,no
44,no,310,yes,no
32,no,73,yes,no
33,no,1808,yes,no
41,no,1281,no,no
37,no,64,yes,no
58,no,2,yes,no
52,no,60,no,yes
49,no,133,no,no
44,no,3706,no,no
28,no,174,no,no
31,no,251,no,yes
37,no,4153,yes,no
30,no,985,yes,no
28,no,168,no,no
46,no,1550,yes,no
47,no,7708,yes,no
35,no,-12,yes,no
80,no,6483,no,no
30,no,60,yes,yes
55,no,3339,yes,no
22,no,1161,no,yes
33,no,599,yes,no
53,no,28,no,no
49,no,1430,no,no
51,no,35,no,yes
41,no,6000,yes,no
34,no,0,yes,no
36,no,340,no,yes
35,no,0,no,no
29,no,3,yes,no
40,no,445,yes,no
32,no,874,no,no
48,no,705,no,no
59,no,1033,no,no
35,no,1354,yes,no
33,no,123,no,no
55,no,8894,no,no
41,no,429,yes,no
42,no,14752,no,no
46,no,67,no,no
35,no,39,no,no
28,no,102,no,no
25,no,1790,no,no
56,no,15311,no,no
30,no,-635,no,no
45,no,115,no,no
40,no,10786,no,no
40,no,498,yes,no
39,no,1045,yes,yes
48,no,810,no,no
31,no,-162,yes,no
32,no,55,no,no
34,no,586,yes,yes
26,no,455,no,no
31,no,1468,yes,no
32,no,43,yes,no
32,no,0,yes,no
41,no,349,yes,yes
33,no,555,yes,no
32,no,4637,yes,no
44,no,1908,yes,no
28,no,3,no,no
44,no,0,yes,no
29,no,324,yes,no
52,no,408,yes,no
33,no,65,no,no
29,no,146,no,no
52,no,664,no,no
43,no,438,yes,yes
38,no,473,no,yes
42,no,0,no,no
33,no,4,yes,no
28,no,1258,yes,no
41,no,365,yes,yes
37,no,2997,no,no
45,no,433,no,no
35,no,332,no,yes
29,no,0,yes,no
39,no,1211,no,no
34,no,25,yes,no
32,no,180,yes,no
33,no,216,yes,no
45,no,118,yes,no
45,no,1759,yes,no
27,no,3275,yes,no
41,no,1180,yes,no
49,no,0,yes,no
32,no,642,yes,no
39,no,1579,yes,no
35,no,1703,yes,no
35,no,62,yes,yes
41,no,129,yes,no
51,no,1068,yes,no
41,no,1007,yes,no
31,no,2759,no,no
28,no,70,yes,no
37,no,254,yes,no
36,no,152,yes,no
31,no,2144,no,no
40,no,156,yes,no
40,no,1587,yes,no
34,no,1208,yes,no
35,no,2633,no,no
36,no,385,no,no
39,no,383,yes,no
39,no,369,yes,no
36,no,89,no,yes
39,no,0,no,no
32,no,506,no,no
50,no,732,yes,no
34,no,265,yes,yes
44,no,446,no,no
39,no,1389,no,no
34,no,475,yes,no
28,no,199,yes,no
44,no,294,no,yes
37,no,65,no,no
43,no,419,no,no
46,no,2137,yes,no
42,no,688,yes,no
42,no,635,yes,yes
52,no,183,no,no
47,no,296,yes,no
34,no,143,yes,no
29,no,489,no,no
36,no,147,yes,no
29,no,0,no,no
33,no,4,yes,no
34,no,123,yes,no
44,no,373,yes,no
36,no,8,no,no
36,no,170,yes,yes
48,no,39,yes,no
26,no,2189,yes,no
40,no,0,yes,no
37,no,216,yes,no
35,no,130,no,no
46,no,2062,yes,no
37,no,224,yes,no
32,no,2517,no,no
32,no,209,yes,no
44,no,2273,yes,no
47,no,1248,yes,no
42,no,0,yes,no
42,no,102,yes,no
35,no,361,yes,no
38,no,167,yes,no
40,no,0,yes,no
35,no,515,yes,no
30,no,20,yes,no
33,no,29,yes,no
39,no,162,yes,no
34,no,12,yes,no
47,no,186,yes,no
41,no,363,yes,no
31,no,1787,yes,no
44,no,139,yes,no
29,no,183,yes,no
40,no,185,yes,no
47,no,70,yes,no
36,no,60,yes,no
40,no,1078,no,no
44,no,33,yes,no
30,no,1533,yes,no
41,no,45,yes,no
27,no,96,yes,no
43,no,576,yes,no
37,no,169,yes,no
38,no,45,yes,no
27,no,1348,no,no
45,no,42,yes,no
35,no,129,yes,no
26,no,205,yes,no
40,no,17,yes,no
38,no,358,yes,no
38,no,120,yes,no
31,no,225,yes,no
47,no,623,yes,no
30,no,583,yes,no
33,no,564,yes,no
41,no,368,yes,no
39,no,338,yes,no
30,no,42,yes,no
41,no,140,yes,no
47,no,358,yes,no
39,no,169,yes,no
38,no,35,yes,no
42,no,398,yes,no
38,no,225,yes,no
30,no,45,yes,no
43,no,470,yes,no
47,no,175,yes,no
35,no,40,yes,no
32,no,129,yes,no
40,no,75,yes,no
35,no,97,yes,no
33,no,204,yes,no
30,no,131,yes,no
36,no,71,yes,no
32,no,231,yes,no
36,no,102,yes,no
47,no,11,yes,no
38,no,54,yes,no
44,no,20,yes,no
47,no,31,yes,no
32,no,33,yes,no
35,no,72,yes,no
31,no,36,yes,no
39,no,82,yes,no
34,no,53,yes,no
38,no,67,yes,no
31,no,21,yes,no
47,no,52,yes,no
32,no,50,yes,no
36,no,60,yes,no
34,no,41,yes,no
30,no,55,yes,no
43,no,50,yes,no
45,no,53,yes,no
37,no,55,yes,no
41,no,47,yes,no
39,no,38,yes,no
28,no,60,yes,no
33,no,64,yes,no
36,no,58,yes,no
34,no,62,yes,no
32,no,55,yes,no
29,no,55,yes,no
26,no,49,yes,no
28,no,50,yes,no
32,no,52,yes,no
34,no,48,yes,no
36,no,50,yes,no
29,no,46,yes,no
35,no,36,yes,no
37,no,39,yes,no
33,no,39,yes,no
31,no,37,yes,no
39,no,50,yes,no
41,no,37,yes,no
43,no,38,yes,no
45,no,37,yes,no
47,no,34,yes,no
49,no,38,yes,no
51,no,37,yes,no
53,no,35,yes,no
37,no,305,yes,yes
49,no,400,no,no
53,no,-22,yes,no
37,no,4030,yes,no
25,no,3217,yes,no
37,no,5436,yes,no
41,no,2067,yes,no
34,no,215,no,no
36,no,1594,no,no
44,no,134,no,no
34,no,262,no,no
56,no,3021,no,no
43,no,388,yes,no
28,no,3412,yes,no
54,no,1291,yes,no
37,no,79,no,no
59,no,2013,no,no
58,no,543,no,yes
56,no,1016,yes,no
32,no,604,no,yes
42,no,525,no,no
52,no,353,no,no
46,no,964,yes,no
37,no,3913,yes,no
39,no,879,yes,no
31,no,314,yes,no
59,no,0,no,no
38,no,1370,yes,no
58,no,37,no,no
34,no,673,yes,yes
40,no,-342,yes,no
20,no,291,no,no
34,no,209,yes,yes
31,no,438,yes,no
39,no,1242,yes,no
34,no,355,yes,no
24,no,204,yes,yes
41,no,10758,yes,no
40,no,5,yes,no
45,no,410,yes,no
36,no,605,yes,no
53,no,4,no,no
23,no,8494,no,no
42,no,198,yes,no
48,no,841,yes,no
34,no,8,no,no
36,no,470,yes,no
43,no,520,yes,no
36,no,439,yes,no
49,no,-454,yes,no
55,no,466,no,no
53,no,665,yes,no
42,no,994,yes,no
45,no,5346,yes,yes
31,no,1243,yes,no
32,no,0,yes,no
36,no,2357,yes,no
56,no,1044,no,no
46,no,1069,yes,no
41,no,231,no,no
31,no,0,yes,yes
32,no,266,yes,no
38,no,-70,yes,no
49,no,25824,no,no
46,no,538,no,no
29,no,534,yes,no
36,no,2323,no,no
38,no,1852,yes,no
53,no,2647,yes,no
43,no,2767,yes,no
41,no,176,yes,yes
42,no,9720,no,no
55,no,1613,yes,no
39,no,2903,yes,yes
30,no,81,yes,no
41,no,780,yes,no
44,no,178,no,no
58,no,299,no,no
35,no,285,yes,no
27,no,872,yes,no
34,no,1337,no,no
25,no,72,yes,no
36,no,0,no,no
38,no,-388,yes,no
30,no,11,yes,no
47,yes,-535,yes,no
41,no,787,yes,no
36,no,3343,no,no
63,no,3904,no,no
23,no,736,yes,no
32,no,1390,no,no
57,no,808,no,no
48,no,1147,no,no
49,no,1122,no,no
50,no,-568,yes,yes
33,no,1165,yes,no
53,no,-905,yes,no
30,no,0,yes,no
38,no,740,no,no
44,no,8262,yes,no
39,no,14,yes,yes
45,no,7108,yes,yes
36,no,1049,yes,no
38,no,0,yes,no
36,no,419,yes,no
30,no,726,yes,no
28,no,594,yes,yes
26,no,454,yes,yes
54,no,2206,no,no
38,no,1988,no,no
32,no,0,no,no
50,no,202,no,yes
43,no,667,yes,no
48,no,112,no,no
57,no,50,no,no
64,no,768,no,no
26,no,74,yes,no
33,no,661,yes,no
50,no,3025,no,yes
47,no,751,no,no
39,no,416,no,no
52,no,14,no,yes
31,no,-502,yes,no
50,no,0,no,no
47,no,599,yes,no
30,no,-218,yes,no
32,no,1012,no,no
36,no,300,no,no
46,no,217,yes,no
45,no,2096,no,no
37,no,0,no,no
58,no,5278,yes,no
59,no,1831,no,no
28,no,1480,yes,no
48,no,7289,yes,no
55,no,1665,no,no
37,no,851,yes,no
41,no,2885,no,no
35,no,137,no,yes
34,no,1239,yes,no
43,no,146,no,no
59,no,1,no,no
50,no,-10,no,yes
37,no,480,no,no
35,no,2789,yes,no
50,no,3897,no,no
36,no,487,no,yes
41,no,5110,yes,no
28,no,318,yes,no
42,no,-411,yes,no
60,no,4820,no,no
28,no,4937,yes,no
48,no,725,no,yes
51,no,5403,no,no
32,no,4089,no,no
35,no,188,no,no
37,no,189,no,no
38,no,2998,yes,no
77,no,610,no,no
32,no,787,no,no
43,no,167,no,no
36,no,243,yes,no
29,no,877,no,no
32,no,2817,yes,no
41,no,4567,yes,yes
26,no,127,yes,yes
34,no,176,no,no
57,no,0,yes,yes
36,no,1482,yes,no
42,no,3052,yes,no
35,no,56,no,no
52,no,278,yes,no
36,no,3875,yes,no
46,no,-337,yes,no
60,no,366,no,no
57,no,501,yes,yes
48,no,998,yes,no
59,no,0,yes,no
39,no,246,no,no
44,no,-182,yes,yes
27,no,446,no,no
59,no,1173,no,no
36,no,5957,yes,no
44,no,205,no,no
50,no,0,no,no
41,no,369,yes,no
47,no,1934,no,yes
32,no,259,no,no
38,no,284,yes,yes
55,no,23,no,no
38,no,1373,no,no
31,no,62,yes,no
38,no,157,no,no
29,no,991,no,no
55,no,186,yes,yes
35,no,977,yes,no
40,no,2893,no,no
34,no,1897,yes,yes
32,no,5514,no,no
33,no,889,yes,no
33,no,273,yes,no
37,no,1193,no,no
58,no,2729,no,no
36,no,0,no,no
42,no,230,yes,no
34,no,2729,yes,no
35,no,317,yes,no
60,no,517,no,no
50,no,-470,yes,no
28,no,4579,no,no
27,no,1,yes,no
37,no,5106,no,no
31,no,636,yes,no
34,no,1076,no,no
38,no,126,yes,no
32,no,-33,yes,no
37,no,430,no,no
33,no,-6,yes,no
71,no,383,no,no
27,no,130,yes,no
38,no,2569,no,no
34,no,201,no,no
54,no,0,no,no
30,no,6,yes,no
35,no,475,no,yes
33,no,706,yes,no
36,no,1825,yes,no
59,no,185,no,no
72,no,4415,no,no
64,no,679,no,no
53,no,320,no,no
35,no,2988,yes,no
58,no,1407,yes,no
40,no,1270,no,no
41,no,654,yes,no
48,no,5173,yes,no
44,no,3463,yes,yes
39,no,0,no,no
61,no,6016,no,no
36,no,177,yes,no
28,no,3694,no,yes
58,no,1640,no,yes
60,no,174,yes,no
66,no,10177,no,no
36,no,490,no,no
49,no,2576,yes,no
40,no,0,no,no
23,no,598,no,no
29,no,15459,no,no
44,no,271,yes,yes
54,no,2508,no,no
47,no,320,no,no
33,no,640,no,no
30,no,1772,yes,no
27,no,15,no,yes
49,no,2370,yes,yes
27,no,201,yes,no
51,no,160,yes,no
32,yes,5,yes,yes
30,no,75,yes,no
33,no,4902,yes,no
27,no,-79,yes,no
75,no,1341,no,no
37,no,490,yes,no
36,no,1521,yes,no
37,no,131,yes,no
35,no,8,yes,no
32,no,-632,yes,yes
32,no,116,no,yes
35,no,189,yes,no
31,no,2,yes,yes
28,no,4229,yes,yes
27,no,54,yes,no
22,no,549,no,no
35,no,298,yes,no
69,no,579,no,no
37,no,1467,yes,yes
45,no,0,yes,no
47,no,109,yes,no
52,no,-11,yes,no
33,no,90,yes,no
60,no,493,no,no
33,no,1897,yes,yes
44,no,2403,yes,no
38,no,868,no,no
54,no,653,yes,no
32,no,0,no,no
33,no,0,yes,yes
55,no,218,yes,no
51,no,5050,no,yes
48,no,741,yes,no
37,no,1050,yes,no
33,no,-56,no,yes
30,no,1,yes,yes
43,no,-98,yes,yes
49,no,4667,yes,no
54,no,541,yes,no
31,no,7744,no,no
54,no,895,no,no
36,no,-129,yes,no
30,no,0,no,no
27,no,158,no,no
30,no,122,yes,no
30,no,673,yes,no
35,no,0,no,no
33,no,411,yes,no
43,no,-97,yes,yes
41,no,-217,yes,no
41,no,5037,no,no
46,no,2232,no,no
54,no,-932,yes,no
32,no,913,yes,no
30,no,236,yes,no
40,no,0,yes,no
30,no,2581,no,no
27,no,639,no,yes
41,no,849,yes,no
54,no,386,yes,no
32,no,1218,yes,no
31,no,2603,yes,no
42,no,-921,yes,no
48,no,607,no,no
34,no,79,yes,no
55,no,61,yes,yes
49,no,1091,no,no
46,no,743,no,no
47,no,209,yes,no
24,no,172,no,no
58,no,2,no,no
32,no,41,no,no
25,no,1116,yes,no
49,no,-55,no,no
59,no,5845,no,no
30,no,329,yes,no
46,no,494,yes,no
42,no,1519,no,no
37,no,2685,no,no
44,no,-14,yes,yes
49,no,5673,no,yes
41,no,1459,no,no
48,no,0,no,no
31,no,625,yes,no
37,no,0,no,no
51,no,867,yes,no
80,no,8304,no,no
32,no,151,yes,no
48,yes,-583,yes,no
49,no,1784,no,no
30,no,3134,yes,no
27,no,49,yes,no
34,no,-346,no,no
49,no,1623,yes,no
48,no,60,no,no
40,no,17,no,no
38,no,2008,yes,no
46,no,91,yes,no
41,no,171,yes,no
28,no,1027,yes,no
51,no,5801,yes,no
33,no,142,yes,no
26,no,205,no,no
34,no,852,no,no
27,yes,-584,yes,no
42,no,97,no,no
45,no,204,yes,no
31,no,628,yes,no
32,no,311,no,no
39,no,1564,no,no
26,no,856,yes,yes
40,no,1509,no,no
52,no,-888,no,no
40,no,226,no,no
48,no,127,no,yes
31,no,413,yes,no
27,no,710,yes,yes
47,no,1233,yes,no
28,no,171,no,no
40,no,69,yes,no
34,no,1499,yes,no
29,no,751,yes,no
36,no,61,no,yes
83,no,425,no,no
55,no,2923,yes,no
43,no,99,no,no
23,no,1021,no,no
44,no,1146,no,no
58,no,781,yes,no
29,no,1448,no,no
30,no,604,no,yes
29,no,-194,yes,no
41,no,0,no,no
35,no,0,yes,no
31,no,1014,yes,no
27,no,73,no,no
47,no,2597,yes,no
53,no,2627,yes,yes
34,no,1906,yes,no
34,no,-319,yes,yes
36,no,-296,yes,no
40,no,169,yes,no
37,no,556,no,no
65,no,300,no,no
53,no,751,yes,no
28,no,126,no,no
33,no,-386,yes,no
56,no,379,no,no
45,no,706,no,no
39,no,9121,no,no
28,no,1466,yes,no
36,no,0,yes,no
41,no,951,yes,no
46,no,368,no,no
41,no,121,yes,no
59,no,204,no,no
24,no,299,yes,no
34,no,4170,yes,no
40,no,-335,yes,no
42,no,3165,yes,no
50,no,254,yes,no
25,no,553,yes,no
51,no,518,yes,no
50,no,85,no,yes
37,no,603,yes,no
21,no,361,no,no
52,no,-98,yes,no
55,no,4424,no,no
26,no,2610,yes,yes
30,yes,4,yes,no
60,no,262,no,no
56,no,238,yes,no
45,no,97,yes,no
38,no,410,no,no
20,no,1191,no,no
59,no,-47,yes,no
34,no,197,no,no
36,no,6,no,no
53,no,2398,yes,no
51,no,630,yes,no
58,no,235,no,no
48,no,1910,yes,no
56,no,3172,yes,no
51,no,872,no,no
35,no,407,yes,no
40,no,100,yes,no
59,no,345,no,no
44,no,2058,no,yes
49,no,889,no,no
35,no,0,yes,no
41,no,51,no,no
55,no,150,no,no
51,yes,34,no,yes
27,no,795,no,no
57,no,282,no,yes
51,no,2139,no,no
38,no,-469,yes,no
49,no,197,yes,no
40,no,825,yes,no
47,no,3232,no,no
48,no,1598,yes,no
47,no,871,no,no
56,no,83,no,no
29,no,1445,no,no
38,no,226,yes,no
32,no,-55,yes,no
42,no,243,yes,no
30,no,-336,no,no
26,no,3672,yes,no
35,no,0,yes,no
35,no,251,yes,yes
35,no,44,no,no
57,no,2887,no,no
29,no,1992,no,no
32,no,2,no,no
45,no,1415,yes,no
51,no,297,yes,no
31,no,1094,yes,no
50,no,-84,yes,no
38,no,-1,yes,no
37,no,347,yes,no
35,no,1253,yes,no
37,no,4565,no,no
28,no,781,no,no
38,no,7124,no,no
43,no,17555,no,no
43,no,5172,yes,no
56,no,15520,no,no
32,no,13711,yes,no
58,no,1533,no,no
47,no,286,no,no
31,no,-219,yes,no
38,no,0,yes,no
50,no,810,yes,no
32,no,300,no,no
37,no,1175,yes,no
39,no,0,yes,no
40,no,113,yes,no
41,no,641,yes,no
45,no,1477,yes,no
31,no,0,yes,no
54,no,8,yes,no
39,no,399,yes,yes
56,yes,-435,yes,yes
35,no,2830,no,no
34,no,15,no,no
31,no,125,no,no
38,no,45,no,no
41,no,13,no,no
44,no,0,yes,no
49,no,579,yes,no
30,no,432,yes,no
31,no,1987,yes,no
34,no,857,yes,no
70,no,15834,no,no
45,no,3370,no,no
31,no,6290,no,no
57,no,808,no,no
40,no,4075,yes,no
28,no,373,yes,no
44,no,-101,yes,no
49,no,3250,no,no
46,no,1375,yes,no
34,no,180,no,no
58,no,175,no,no
52,no,381,no,yes
27,no,2171,yes,no
48,no,340,yes,no
33,yes,10,yes,yes
46,no,4958,yes,no
51,no,21244,no,yes
31,no,156,no,no
35,no,473,yes,yes
37,no,781,no,no
60,no,0,no,no
40,no,1819,no,no
50,no,4374,yes,no
34,no,456,yes,yes
32,no,253,yes,no
36,no,774,yes,no
32,no,-59,no,yes
40,no,-81,no,yes
37,no,0,yes,no
57,no,0,yes,no
46,no,-3,no,no
31,no,2488,yes,no
39,yes,3,no,no
35,no,839,yes,no
32,no,103,no,no
44,no,316,yes,no
41,no,1680,yes,no
59,no,7179,no,no
39,no,247,yes,no
54,no,8295,no,no
27,no,261,yes,yes
51,no,95,yes,no
33,no,291,no,no
38,no,2240,yes,no
52,no,0,no,no
54,no,1295,yes,no
33,no,324,yes,no
50,no,669,yes,no
39,no,4143,yes,yes
34,no,2646,no,no
41,no,618,no,no
48,no,541,yes,no
38,no,434,yes,no
34,no,622,yes,no
32,no,0,yes,no
48,no,99,yes,no
28,no,290,yes,no
47,no,1230,yes,no
32,no,45,yes,yes
32,no,923,yes,no
38,no,950,no,no
86,no,1503,no,no
47,no,65,no,no
42,no,-679,yes,yes
44,no,773,no,yes
25,no,10788,no,no
34,no,991,yes,no
34,no,247,no,no
53,no,4143,no,no
42,no,-406,yes,no
30,no,180,no,no
26,no,-887,yes,no
40,no,4157,yes,no
34,no,1386,yes,yes
34,no,2211,no,no
40,no,-495,no,yes
36,no,27359,yes,no
34,no,440,yes,no
32,no,135,yes,no
39,no,-735,yes,no
36,no,60,no,no
39,no,902,yes,no
33,no,18347,yes,no
34,no,-72,yes,no
42,no,1205,no,no
46,no,499,yes,no
32,no,656,yes,yes
27,no,100,no,no
35,no,69,yes,no
53,no,619,no,no
29,no,192,no,no
35,no,0,no,no
49,no,87,no,no
58,no,3228,no,no
40,no,1361,no,no
19,no,0,no,no
30,no,34,yes,no
34,no,318,no,yes
60,no,197,no,no
28,no,0,no,no
46,no,273,yes,no
49,no,15,yes,no
59,no,7813,yes,no
44,no,-27,yes,yes
33,no,75,no,no
54,no,1139,yes,no
26,no,115,yes,no
54,no,0,no,no
48,no,7195,no,no
30,no,-477,no,yes
29,no,1026,no,no
51,no,3921,yes,no
53,no,980,yes,no
43,no,-179,yes,no
34,no,2552,yes,yes
40,no,1729,yes,no
43,no,434,yes,no
33,no,-300,yes,yes
66,no,4785,no,no
44,no,-329,yes,no
33,no,0,yes,no
31,no,391,no,no
71,no,4657,no,no
22,no,3472,no,no
46,no,705,no,no
32,no,255,yes,yes
45,no,4365,no,yes
32,no,350,yes,no
49,no,474,yes,yes
27,no,489,yes,no
46,no,757,no,no
37,no,695,no,no
30,yes,-770,yes,no
44,no,80,yes,yes
45,no,315,yes,no
27,no,213,no,no
57,no,0,no,no
66,no,2169,no,no
40,no,212,no,no
48,no,333,yes,no
33,no,4404,yes,no
42,no,257,yes,no
47,no,3188,yes,no
27,no,3083,yes,no
78,no,226,no,no
50,no,1260,no,no
46,no,1410,yes,no
41,no,6046,yes,yes
36,no,980,no,no
49,no,-37,no,no
46,no,-154,yes,yes
77,no,680,no,no
30,no,799,yes,yes
43,yes,-1164,yes,yes
44,no,2523,yes,no
40,no,98,yes,no
38,no,3419,yes,no
25,no,343,no,no
49,no,852,yes,no
33,no,50,yes,no
40,no,0,no,no
44,no,10,yes,no
32,no,950,yes,yes
52,no,0,yes,no
35,no,175,yes,no
35,no,-259,yes,no
32,no,6217,yes,yes
42,no,-1310,yes,yes
59,no,139,no,no
44,no,7138,no,no
50,no,1111,yes,no
27,no,113,no,no
55,no,-612,no,no
54,no,310,yes,no
31,no,-186,yes,no
56,no,2038,no,no
51,no,833,no,no
61,no,625,yes,no
34,no,105,yes,no
56,no,551,no,no
29,no,145,no,no
34,no,618,yes,no
35,no,1063,yes,yes
56,no,985,no,yes
45,no,2926,yes,yes
31,no,-449,yes,no
37,no,66,no,no
43,no,0,yes,no
40,no,419,yes,no
44,no,4758,yes,no
38,no,-23,no,no
58,no,1573,yes,yes
24,no,77,yes,no
53,no,1378,yes,no
36,no,-73,yes,yes
28,no,60,yes,no
45,no,137,yes,yes
32,no,1583,yes,no
46,no,-121,yes,yes
28,no,1065,yes,yes
51,no,-13,yes,no
51,no,1869,no,no
30,no,4787,yes,no
39,yes,-183,yes,no
28,no,702,yes,no
31,no,1494,no,no
31,no,0,yes,yes
38,no,46,no,no
31,no,609,yes,no
74,no,4079,no,no
40,no,0,yes,no
43,no,7876,yes,no
34,no,925,yes,no
54,no,7010,no,no
51,no,42,yes,no
33,no,285,no,yes
41,no,0,no,no
33,no,3170,no,no
48,no,8,no,yes
42,no,216,yes,no
35,no,2975,no,no
25,no,894,yes,no
38,no,490,yes,yes
45,no,245,yes,no
59,no,0,yes,no
47,no,150,no,no
33,no,4,yes,no
59,no,1727,no,no
41,no,664,no,yes
42,no,473,yes,no
51,no,0,no,no
45,no,-192,yes,no
30,no,1942,yes,yes
33,no,5137,yes,no
43,no,13044,no,no
37,no,1053,no,no
73,no,154,no,no
43,no,625,yes,no
52,no,255,no,yes
44,no,529,yes,no
56,no,318,no,yes
21,no,1903,yes,no
43,no,1937,no,no
54,no,3859,no,yes
59,no,4198,no,no
52,no,230,yes,no
31,no,747,yes,no
53,no,263,no,yes
24,no,-46,yes,no
57,no,0,no,yes
48,no,568,yes,no
57,no,1469,yes,no
51,no,18,no,yes
50,no,201,yes,no
34,no,1412,yes,yes
43,no,-93,yes,no
31,no,-331,yes,no
29,no,486,yes,no
39,no,694,yes,no
36,no,2806,yes,no
38,no,0,no,no
56,no,2959,yes,no
41,no,22,yes,no
47,no,1167,yes,no
38,no,35,yes,no
80,no,8304,no,no
37,no,4760,yes,no
44,no,-1313,yes,yes
33,no,697,no,no
53,no,230,no,yes
69,no,473,no,no
46,no,1427,yes,no
30,no,201,yes,no
31,no,1086,no,no
38,no,4335,yes,no
34,no,44,no,no
48,no,286,no,no
46,no,216,no,no
42,no,214,yes,no
41,no,343,yes,no
33,no,-77,yes,no
39,no,1046,no,no
27,no,1566,no,no
26,no,592,no,no
38,no,104,yes,no
48,no,0,yes,no
54,no,-22,no,yes
51,no,0,no,no
47,no,72,no,no
53,no,100,no,no
35,no,319,yes,no
58,no,9339,yes,no
52,no,50,yes,no
57,yes,32,yes,no
52,no,6922,no,no
35,no,633,yes,no
48,no,4265,yes,no
46,no,2262,no,no
39,no,1970,yes,no
38,no,1513,no,no
34,no,4659,yes,no
47,no,668,no,no
35,no,649,no,no
46,no,452,yes,no
27,no,-145,yes,no
31,no,-498,yes,no
31,no,0,no,no
46,no,22,yes,no
31,no,2304,yes,no
33,no,1412,yes,no
42,no,145,no,no
33,no,4897,yes,no
40,no,1832,no,no
51,no,3726,no,yes
31,no,591,no,no
62,no,0,no,no
24,no,508,yes,no
48,no,817,no,no
41,no,348,yes,no
43,no,291,yes,no
52,no,3554,no,yes
54,no,781,yes,no
32,no,267,no,no
38,no,1327,yes,no
41,no,-306,yes,no
31,no,864,yes,no
35,no,1265,yes,no
26,no,0,no,no
52,no,214,no,no
58,no,425,yes,yes
57,no,3,no,no
34,no,0,yes,no
59,no,0,no,no
27,no,282,no,yes
42,no,0,no,no
47,no,3727,no,no
33,no,0,yes,yes
31,no,864,yes,no
37,no,4089,yes,no
29,no,-478,no,yes
38,no,-363,no,no
35,no,8883,no,no
31,no,1970,no,no
62,no,1859,no,no
32,no,1059,yes,no
31,no,388,yes,no
51,no,602,yes,no
29,no,0,no,no
43,no,255,yes,no
36,no,63,yes,no
34,no,712,yes,no
29,no,57,yes,no
57,no,523,no,yes
43,no,422,no,no
33,no,386,no,no
60,no,3387,no,no
51,no,260,no,no
40,no,-1,no,no
51,no,1490,yes,no
38,no,497,yes,yes
35,no,1707,yes,no
47,no,826,yes,no
45,no,907,no,no
40,no,1836,yes,no
29,no,404,no,no
52,no,907,yes,no
26,no,18,yes,yes
31,no,-495,yes,no
55,no,1210,yes,no
35,no,819,yes,no
56,no,442,no,no
28,no,-46,yes,no
27,no,671,yes,no
30,no,371,no,no
51,no,-3,no,no
33,no,11,yes,no
32,no,33,yes,no
43,no,104,yes,no
46,no,174,no,yes
32,no,3107,yes,yes
40,no,1438,yes,no
39,no,1367,no,no
51,no,-11,no,no
46,no,1693,yes,no
43,no,778,yes,yes
36,no,837,no,no
48,no,363,no,no
26,no,236,yes,yes
39,no,0,yes,no
47,no,-50,no,yes
23,no,4,yes,no
54,no,26306,yes,no
38,no,46,yes,yes
33,no,575,no,yes
35,no,148,no,yes
52,no,431,no,no
25,no,777,yes,no
29,no,199,yes,yes
35,no,3552,no,no
49,no,47,no,no
41,no,3823,no,no
32,no,138,no,no
29,no,1117,yes,no
28,no,1325,yes,no
59,no,0,no,no
34,no,4343,no,no
55,no,1598,no,no
34,no,3301,yes,no
24,no,822,no,no
42,no,-280,yes,no
34,no,1534,yes,no
34,no,1671,no,no
51,no,2007,no,no
58,no,0,yes,no
44,no,2776,yes,no
33,no,139,yes,yes
34,no,573,no,no
34,no,475,yes,no
42,no,47,yes,yes
46,no,2154,yes,no
31,no,96,no,no
39,no,83,yes,no
34,no,6766,no,no
47,no,3973,no,no
42,no,372,yes,yes
48,no,-552,no,yes
30,no,48,no,no
38,no,7696,yes,no
24,no,4500,yes,no
34,no,1,yes,no
46,no,46,no,yes
32,yes,-18,yes,no
46,no,451,yes,yes
26,no,479,yes,no
42,no,0,yes,no
50,no,1130,yes,no
41,no,389,yes,no
34,no,10,no,yes
32,no,401,yes,no
58,no,145,yes,yes
45,no,115,yes,no
28,no,89,yes,yes
35,no,94,yes,yes
39,no,1438,yes,no
49,no,780,no,no
50,no,207,yes,no
37,no,238,no,no
45,no,2433,no,no
30,no,1924,no,no
48,no,-471,yes,no
36,no,1531,yes,no
41,no,764,no,no
55,no,383,no,no
70,no,3782,no,no
41,no,326,yes,no
47,no,691,no,no
34,no,0,no,no
33,no,99,no,no
58,no,502,yes,no
51,no,-15,no,no
45,no,1929,yes,no
55,no,0,no,no
30,no,185,no,no
33,no,-424,yes,no
27,no,0,yes,no
59,no,319,yes,no
34,no,171,yes,no
47,no,-1148,yes,yes
44,no,-11,yes,no
35,no,0,yes,no
45,no,-206,yes,no
42,no,704,yes,yes
38,no,1931,no,no
34,no,943,no,no
35,no,327,yes,no
29,no,-105,yes,no
58,no,983,no,no
44,no,787,yes,no
45,no,0,yes,no
43,no,3060,yes,no
44,no,5780,yes,no
30,no,790,no,no
38,no,1449,no,no
50,no,1412,no,no
21,no,681,no,no
38,no,228,yes,no
42,no,0,no,no
45,no,2087,no,no
34,no,2,yes,yes
48,no,197,no,yes
34,no,0,no,yes
32,no,1905,yes,no
35,no,118,no,no
39,no,2644,yes,no
36,no,16430,yes,no
35,no,13,no,no
57,no,14,no,yes
28,no,769,yes,no
43,no,3485,no,no
57,no,139,no,no
34,no,202,yes,no
36,no,6,yes,no
47,no,2515,no,no
36,no,5195,yes,no
33,no,2098,no,no
57,no,320,no,no
57,no,3431,yes,no
34,no,50,yes,no
51,no,370,yes,no
54,no,-182,no,no
52,no,1623,yes,no
43,no,13342,yes,no
58,no,6570,no,no
53,no,225,yes,no
44,no,-665,no,no
29,no,0,no,no
27,no,54,yes,no
35,no,46,no,no
40,no,2,no,no
34,no,103,yes,yes
38,no,883,yes,no
32,no,55,yes,no
41,no,8238,yes,yes
25,no,913,yes,no
38,no,595,yes,no
26,no,7,yes,no
37,no,1661,no,no
30,no,102,yes,no
36,no,338,no,no
33,no,3132,yes,no
33,no,490,yes,no
35,no,2682,yes,no
24,no,0,yes,no
29,no,596,no,no
54,no,2059,yes,no
27,no,132,no,no
34,no,0,no,no
39,no,385,yes,no
38,no,223,no,no
37,no,0,yes,no
26,no,512,yes,yes
36,no,1169,yes,no
35,no,71,yes,no
30,no,940,no,no
25,no,-80,yes,yes
34,no,0,yes,no
52,no,1317,no,no
39,no,179,no,no
34,no,1007,yes,no
34,no,0,no,no
30,no,1286,yes,yes
33,no,804,yes,yes
30,no,4,no,no
51,no,0,yes,no
36,no,417,yes,no
48,no,1678,no,no
37,no,532,yes,no
58,no,407,yes,no
56,no,659,no,yes
34,no,393,yes,no
33,no,661,yes,no
26,no,0,no,no
40,no,838,yes,no
35,no,195,yes,no
45,no,68,yes,no
37,no,-242,yes,no
35,no,321,yes,no
43,no,3403,yes,no
28,no,8,yes,no
32,no,739,yes,no
26,no,622,no,no
35,no,152,yes,no
35,no,2,no,no
39,no,1439,yes,no
42,no,1491,yes,no
32,no,6402,yes,no
30,no,1210,no,no
26,no,122,no,yes
30,no,0,yes,no
32,no,62,yes,no
47,no,3333,yes,yes
33,no,16992,yes,no
57,no,23,yes,no
35,no,0,yes,no
53,no,6072,no,yes
24,no,366,no,yes
54,no,0,no,yes
31,no,1343,yes,yes
41,no,2105,yes,no
44,no,2319,no,no
35,no,35,yes,no
30,no,877,no,no
43,no,30,yes,no
51,yes,-2082,no,yes
60,no,89,no,no
43,no,104,no,no
31,no,1750,yes,no
56,no,772,yes,no
42,no,1048,yes,no
52,no,592,no,no
40,no,0,yes,yes
36,no,3064,yes,no
40,no,33,no,no
46,no,0,yes,no
32,no,1649,no,no
31,no,287,yes,no
41,no,0,yes,no
58,no,419,no,yes
36,no,257,yes,no
52,no,118,no,no
42,no,251,no,no
32,no,1731,yes,yes
62,no,0,no,no
31,no,23,no,no
41,yes,-386,no,yes
34,no,5498,no,no
44,no,5063,no,no
42,no,7041,yes,no
37,no,654,no,no
47,no,1890,no,no
32,no,2400,yes,yes
46,no,519,yes,no
39,no,1190,no,no
28,no,229,yes,no
26,no,203,no,no
52,no,1818,no,yes
42,no,1289,no,no
33,no,39,no,no
73,no,796,no,no
35,no,57,no,yes
40,no,1548,yes,no
51,no,117,no,no
37,no,0,yes,no
39,no,691,yes,yes
28,no,64,yes,no
49,no,0,yes,no
36,no,957,yes,no
45,no,118,yes,no
29,no,218,yes,no
35,no,724,yes,no
35,no,20,yes,yes
30,no,-28,yes,no
46,no,665,no,no
